{
  "num_samples": 35,
  "rmse": 0.47490424130495124,
  "mae": 0.41640954187938145,
  "mse": 0.22553403840943134,
  "r2": -0.0010115835201212064,
  "accuracy": 1.0,
  "f1": 0.0,
  "precision": 0.0,
  "recall": 0.0,
  "confusion_matrix": [
    [
      35
    ]
  ],
  "emotion_metrics": {
    "accuracy": 1.0,
    "f1": 1.0
  }
}