{
  "num_samples": 35,
  "rmse": 0.47983735146706785,
  "mae": 0.4291613791670118,
  "mse": 0.23024388386293038,
  "r2": -0.02191578888438306,
  "accuracy": 1.0,
  "f1": 0.0,
  "precision": 0.0,
  "recall": 0.0,
  "confusion_matrix": [
    [
      35
    ]
  ]
}